model,processed,val_roc_auc,val_pr_auc,test_roc_auc,test_pr_auc,best_thr_val_f1,test_precision_at_bestthr,test_recall_at_bestthr,test_f1_at_bestthr,tp,fp,tn,fn,thr_fig
transformer_baseline,dev5000,0.694847843206674,0.26060888302762536,0.5492671493474177,0.13724626756334674,0.7999999999999999,0.1522633744855965,0.2975871313672914,0.20145190562568613,111,618,1887,262,transformer_baseline_dev5000_threshold_curves.png
lstm_improved,dev5000,0.622605990046093,0.2411842023287431,0.5804546403172207,0.15564530504082605,0.5499999999999999,0.14871794871794847,0.23324396782841758,0.1816283924838665,87,498,2007,286,lstm_improved_dev5000_threshold_curves.png
lstm_baseline,dev5000,0.6637401816939797,0.21586782904533047,0.5633890396151398,0.16022829029256064,0.44999999999999996,0.15127388535031835,0.5093833780160844,0.2332719459787749,190,1066,1439,183,lstm_baseline_dev5000_threshold_curves.png
gru_baseline,dev5000,0.6479253615837288,0.16998387595549927,0.5388001476938884,0.15865566345031373,0.49999999999999994,0.1355170199100834,0.565683646112599,0.2186528497406206,211,1346,1159,162,gru_baseline_dev5000_threshold_curves.png
