model,val_roc_auc,val_pr_auc,best_thr_val,val_f1_at_best_thr,val_precision_at_best_thr,val_recall_at_best_thr,test_roc_auc,test_pr_auc,test_f1_at_val_thr,test_precision_at_val_thr,test_recall_at_val_thr,tn,fp,fn,tp
transformer_baseline,0.694847843206674,0.26060888302762536,0.7999999999999999,0.3652618135371814,0.32723112128146375,0.41329479768786004,0.5492671493474177,0.13724626756334674,0.20145190562568613,0.1522633744855965,0.2975871313672914,1887,618,262,111
lstm_improved,0.622605990046093,0.2411842023287431,0.5499999999999999,0.25165562913860023,0.2035714285714282,0.32947976878612617,0.5804546403172207,0.15564530504082605,0.1816283924838665,0.14871794871794847,0.23324396782841758,2007,498,286,87
lstm_baseline,0.6637401816939797,0.21586782904533047,0.44999999999999996,0.29523088569227,0.1999999999999998,0.5635838150289001,0.5633890396151398,0.16022829029256064,0.2332719459787749,0.15127388535031835,0.5093833780160844,1439,1066,183,190
gru_baseline,0.6479253615837288,0.16998387595549927,0.49999999999999994,0.2955974842763887,0.18890675241157542,0.6791907514450847,0.5388001476938884,0.15865566345031373,0.2186528497406206,0.1355170199100834,0.565683646112599,1159,1346,162,211
